,"Gender (Female=1, Male=2)",Age (years),Height (m),Weight (kg),BMI (kg/m2),Smoking History (pack year),Duration of diabetes (years)
count,109.0,109.0,109.0,109.0,109.0,109.0,109.0
mean,1.5412844036697249,60.30275229357798,1.6553211009174313,66.2908256880734,24.093780081185333,3.555045871559633,8.69118030245905
std,0.5005942781620424,14.00628469199661,0.09519783306882033,12.007239647044454,3.3123704720317466,11.660532008053458,8.256632767140207
min,1.0,22.0,1.415,40.0,17.08744499978641,0.0,0.005479452054794521
25%,1.0,51.0,1.59,56.0,22.2222222222222,0.0,1.0
50%,2.0,63.0,1.66,66.0,23.597004206422486,0.0,7.0
75%,2.0,68.0,1.72,73.0,25.47166277516263,0.0,14.0
max,2.0,97.0,1.88,100.0,36.7309458218549,80.0,40.0
