,CGM (mg / dl),CBG (mg / dl),Blood Ketone (mmol / L),Insulin dose - s.c.,"CSII - bolus insulin (Novolin R, IU)","CSII - basal insulin (Novolin R, IU / H)",Insulin dose - i.v.
count,658.0,53.0,0.0,0.0,29.0,44.0,0.0
mean,196.829179331307,253.3245283018868,,,5.275862068965517,0.45454545454545453,
std,50.14198166559512,63.3099363499807,,,2.1695383268622237,0.12841528825622023,
min,48.6,104.39999999999999,,,2.0,0.2,
25%,163.79999999999998,201.6,,,4.0,0.3,
50%,195.3,266.40000000000003,,,5.0,0.5,
75%,230.4,297.0,,,6.0,0.5,
max,307.8,379.8,,,10.0,0.6,
