,CGM (mg / dl),CBG (mg / dl),Blood Ketone (mmol / L),Non-insulin hypoglycemic agents,"CSII - bolus insulin (Novolin R, IU)",Insulin dose - i.v.
count,933.0,66.0,0.0,0.0,19.0,0.0
mean,115.7710610932476,164.37272727272727,,,5.315789473684211,
std,54.863485463262315,64.6815525846067,,,2.4049169904581222,
min,39.6,61.199999999999996,,,3.0,
25%,70.2,116.1,,,3.0,
50%,111.6,153.89999999999998,,,4.0,
75%,153.0,211.5,,,7.0,
max,343.8,309.59999999999997,,,9.0,
