,CGM (mg / dl),CBG (mg / dl),Blood Ketone (mmol / L),Insulin dose - s.c.,Non-insulin hypoglycemic agents,"CSII - bolus insulin (Novolin R, IU)",Insulin dose - i.v.
count,357.0,26.0,0.0,0.0,0.0,11.0,0.0
mean,119.08235294117648,171.2769230769231,,,,6.454545454545454,
std,39.66788029416729,56.92712750661011,,,,0.9341987329938275,
min,39.6,79.2,,,,5.0,
25%,86.4,120.15,,,,6.0,
50%,120.6,179.1,,,,7.0,
75%,145.8,205.2,,,,7.0,
max,219.6,268.2,,,,7.0,
