,CGM (mg / dl),CBG (mg / dl),Blood Ketone (mmol / L),Non-insulin hypoglycemic agents,"CSII - bolus insulin (Novolin R, IU)"
count,948.0,84.0,17.0,0.0,28.0
mean,136.01962025316456,183.19285714285715,0.6411764705882352,,5.464285714285714
std,59.89654645959104,74.9170622316781,1.0161562524591208,,2.9120712096648207
min,46.8,57.6,0.1,,0.0
25%,95.4,123.75,0.2,,3.75
50%,120.6,175.5,0.2,,5.5
75%,163.8,218.25,0.5,,8.25
max,394.2,417.59999999999997,4.3,,9.0
