,CGM (mg / dl),CBG (mg / dl),Blood Ketone (mmol / L),"CSII - bolus insulin (Novolin R, IU)","CSII - basal insulin (Novolin R, IU / H)",Insulin dose - i.v.
count,917.0,67.0,2.0,24.0,43.0,0.0
mean,183.16226826608505,195.82388059701492,0.1,4.666666666666667,0.4976744186046512,
std,52.80856270801202,54.21641842778848,0.0,1.7110044511584586,0.1318158385111289,
min,68.4,57.6,0.1,2.0,0.3,
25%,142.2,156.6,0.1,4.0,0.4,
50%,178.2,201.6,0.1,4.0,0.5,
75%,223.2,231.3,0.1,6.0,0.6,
max,327.6,316.8,0.1,8.0,0.7,
