,CGM (mg / dl),CBG (mg / dl),Blood Ketone (mmol / L),"CSII - bolus insulin (Novolin R, IU)"
count,1256.0,55.0,6.0,26.0
mean,177.46624203821654,193.87636363636366,0.21666666666666665,3.4038461538461537
std,84.80790014627785,87.95794863042639,0.1602081978759722,1.523280872125891
min,39.6,30.599999999999998,0.1,1.0
25%,111.6,130.5,0.1,3.0
50%,178.2,194.4,0.15000000000000002,3.5
75%,237.6,252.0,0.275,4.0
max,406.8,405.0,0.5,7.0
