,CGM (mg / dl),CBG (mg / dl),Blood Ketone (mmol / L),"CSII - bolus insulin (Novolin R, IU)","CSII - basal insulin (Novolin R, IU / H)",Insulin dose - i.v.
count,1236.0,5.0,0.0,0.0,0.0,0.0
mean,156.4383495145631,137.88,,,,
std,65.69485429126551,55.721557767169436,,,,
min,39.6,84.60000000000001,,,,
25%,105.75,115.2,,,,
50%,149.4,127.8,,,,
75%,205.20000000000002,129.6,,,,
max,340.2,232.20000000000002,,,,
