,CGM (mg / dl),CBG (mg / dl),Blood Ketone (mmol / L),"CSII - bolus insulin (Novolin R, IU)","CSII - basal insulin (Novolin R, IU / H)",Insulin dose - i.v.
count,1339.0,22.0,0.0,0.0,0.0,0.0
mean,203.49141150112024,186.70909090909092,,,,
std,85.0428806426862,71.29407181052765,,,,
min,39.6,66.60000000000001,,,,
25%,131.4,135.0,,,,
50%,208.79999999999998,181.8,,,,
75%,271.8,227.25,,,,
max,448.2,322.2,,,,
