,CGM (mg / dl),CBG (mg / dl),Blood Ketone (mmol / L),Non-insulin hypoglycemic agents
count,766.0,59.0,10.0,0.0
mean,185.22375979112275,210.11186440677963,0.7999999999999999,
std,68.4296423899044,70.9596803552498,0.9626352718795768,
min,50.4,84.60000000000001,0.1,
25%,136.8,165.6,0.3,
50%,178.2,214.20000000000002,0.3,
75%,232.2,254.70000000000002,1.2,
max,415.8,412.2,2.9,
