,CGM (mg / dl),CBG (mg / dl),Blood Ketone (mmol / L),Insulin dose - s.c.,"CSII - bolus insulin (Novolin R, IU)","CSII - basal insulin (Novolin R, IU / H)",Insulin dose - i.v.
count,681.0,55.0,0.0,0.0,28.0,43.0,0.0
mean,174.80088105726873,239.72727272727272,,,5.428571428571429,0.5674418604651162,
std,54.75215224713263,67.96713109357279,,,2.4709957721170035,0.14095073477833128,
min,68.4,115.2,,,0.0,0.3,
25%,147.6,208.8,,,4.0,0.5,
50%,163.8,219.6,,,6.0,0.6,
75%,194.4,265.5,,,6.0,0.6499999999999999,
max,347.4,466.2,,,10.0,0.9,
