,CGM (mg / dl),CBG (mg / dl),Blood Ketone (mmol / L),Non-insulin hypoglycemic agents,"CSII - bolus insulin (Novolin R, IU)","CSII - basal insulin (Novolin R, IU / H)",Insulin dose - i.v.
count,918.0,66.0,0.0,0.0,11.0,22.0,0.0
mean,190.4862745098039,206.91818181818184,,,5.0,0.2863636363636364,
std,63.17952306085556,65.20139665585491,,,1.0,0.08888437939499212,
min,59.4,79.2,,,4.0,0.2,
25%,142.2,163.79999999999998,,,4.0,0.2,
50%,189.0,203.4,,,5.0,0.3,
75%,232.2,244.35,,,6.0,0.3,
max,378.0,383.40000000000003,,,6.0,0.5,
