,CGM (mg / dl),CBG (mg / dl),Blood Ketone (mmol / L),Non-insulin hypoglycemic agents,"CSII - bolus insulin (Novolin R, IU)"
count,536.0,48.0,5.0,0.0,2.0
mean,146.66641791044776,185.88750000000002,0.4,,7.0
std,72.5527581874224,87.52229047384007,0.42426406871192857,,1.4142135623730951
min,39.6,52.2,0.1,,6.0
25%,88.2,118.35000000000001,0.1,,6.5
50%,129.6,161.1,0.2,,7.0
75%,187.2,242.1,0.5,,7.5
max,365.4,370.8,1.1,,8.0
