,CGM (mg / dl),CBG (mg / dl),Blood Ketone (mmol / L),"CSII - bolus insulin (Novolin R, IU)","CSII - basal insulin (Novolin R, IU / H)",Insulin dose - i.v.
count,1195.0,53.0,0.0,0.0,0.0,0.0
mean,141.4468619246862,139.04150943396226,,,,
std,29.457267345100316,31.909568338101156,,,,
min,46.800000000000004,97.2,,,,
25%,122.39999999999999,117.0,,,,
50%,140.4,131.4,,,,
75%,158.4,149.4,,,,
max,262.8,257.40000000000003,,,,
