,CGM (mg / dl),CBG (mg / dl),Blood Ketone (mmol / L),Insulin dose - s.c.,Non-insulin hypoglycemic agents,"CSII - bolus insulin (Novolin R, IU)","CSII - basal insulin (Novolin R, IU / H)"
count,571.0,38.0,1.0,0.0,0.0,20.0,36.0
mean,173.55341506129596,187.05789473684212,0.1,,,8.35,0.5
std,60.190763423259554,68.21460425221214,,,,3.883500862285011,0.117108008753824
min,70.2,77.39999999999999,0.1,,,2.0,0.3
25%,129.6,142.20000000000002,0.1,,,5.75,0.4
50%,163.79999999999998,175.5,0.1,,,7.5,0.55
75%,203.4,223.2,0.1,,,12.5,0.6
max,419.40000000000003,421.2,0.1,,,14.0,0.6
