,CGM (mg / dl),CBG (mg / dl),Blood Ketone (mmol / L),"CSII - bolus insulin (Novolin R, IU)","CSII - basal insulin (Novolin R, IU / H)",Insulin dose - i.v.
count,669.0,53.0,0.0,22.0,37.0,0.0
mean,197.3542600896861,223.70943396226411,,5.0,0.5486486486486487,
std,41.063912511068445,51.086857651194784,,2.5071326821120348,0.15387877916944454,
min,99.0,111.60000000000001,,1.0,0.3,
25%,167.4,181.8,,3.0,0.4,
50%,194.4,226.79999999999998,,5.5,0.6,
75%,226.79999999999998,259.2,,7.0,0.7,
max,318.59999999999997,349.2,,9.0,0.8,
