,CGM (mg / dl),CBG (mg / dl),Blood Ketone (mmol / L),Insulin dose - s.c.,"CSII - bolus insulin (Novolin R, IU)","CSII - basal insulin (Novolin R, IU / H)",Insulin dose - i.v.
count,484.0,39.0,0.0,0.0,15.0,30.0,0.0
mean,183.2429752066116,212.72307692307695,,,5.466666666666667,0.5133333333333333,
std,51.819126146704576,46.34390019215304,,,1.1254628677422756,0.12242755305537409,
min,59.4,151.20000000000002,,,4.0,0.3,
25%,145.35,178.2,,,5.0,0.4,
50%,174.6,203.4,,,5.0,0.6,
75%,219.6,241.2,,,6.0,0.6,
max,329.40000000000003,342.0,,,8.0,0.6,
