,CGM (mg / dl),CBG (mg / dl),Blood Ketone (mmol / L),"CSII - bolus insulin (Novolin R, IU)","CSII - basal insulin (Novolin R, IU / H)",Insulin dose - i.v.
count,691.0,56.0,0.0,18.0,37.0,0.0
mean,147.54790159189582,173.12142857142857,,5.333333333333333,0.5918918918918918,
std,45.38234548612697,54.765957290291915,,1.1881770515720094,0.1187396273326605,
min,70.2,88.2,,4.0,0.4,
25%,118.8,136.79999999999998,,4.0,0.5,
50%,138.6,160.20000000000002,,6.0,0.6,
75%,165.6,203.4,,6.0,0.7,
max,325.8,343.8,,8.0,0.8,
