,CGM (mg / dl),CBG (mg / dl),Blood Ketone (mmol / L),Insulin dose - s.c.,"CSII - bolus insulin (Novolin R, IU)","CSII - basal insulin (Novolin R, IU / H)",Insulin dose - i.v.
count,480.0,34.0,0.0,0.0,15.0,31.0,0.0
mean,157.8375,173.85882352941175,,,4.866666666666666,0.49032258064516127,
std,31.04244938601161,35.31470736321812,,,1.4573295865416045,0.1106189818240294,
min,102.60000000000001,109.8,,,3.0,0.3,
25%,136.79999999999998,148.05,,,4.0,0.4,
50%,154.79999999999998,174.6,,,4.0,0.5,
75%,178.20000000000002,198.89999999999998,,,6.5,0.6,
max,282.59999999999997,268.2,,,7.0,0.7,
