,CGM (mg / dl),CBG (mg / dl),Blood Ketone (mmol / L),"CSII - bolus insulin (Novolin R, IU)","CSII - basal insulin (Novolin R, IU / H)",Insulin dose - i.v.
count,831.0,65.0,0.0,18.0,33.0,0.0
mean,165.2361010830325,161.88923076923075,,6.111111111111111,0.30757575757575756,
std,60.38747772697501,63.3540846233417,,0.8323523637957303,0.12191263016578469,
min,66.60000000000001,72.0,,4.0,0.1,
25%,124.2,115.2,,6.0,0.2,
50%,147.6,145.79999999999998,,6.0,0.3,
75%,192.6,192.6,,7.0,0.4,
max,374.40000000000003,331.2,,7.0,0.5,
