,CGM (mg / dl),CBG (mg / dl),Blood Ketone (mmol / L),"CSII - bolus insulin (Novolin R, IU)","CSII - basal insulin (Novolin R, IU / H)",Insulin dose - i.v.
count,533.0,0.0,0.0,15.0,30.0,0.0
mean,139.52870544090058,,,5.0,0.45333333333333337,
std,52.255570822330405,,,0.5345224838248488,0.15807753081044262,
min,54.0,,,4.0,0.1,
25%,95.39999999999999,,,5.0,0.4,
50%,133.20000000000002,,,5.0,0.5,
75%,176.4,,,5.0,0.6,
max,286.2,,,6.0,0.6,
