,CGM (mg / dl),CBG (mg / dl),Blood Ketone (mmol / L),"CSII - bolus insulin (Novolin R, IU)","CSII - basal insulin (Novolin R, IU / H)",Insulin dose - i.v.
count,539.0,46.0,1.0,14.0,30.0,0.0
mean,139.32467532467533,146.07391304347826,0.2,5.357142857142857,0.4033333333333333,
std,53.798301921388436,61.152884677240095,,0.49724515809884695,0.09820223093657059,
min,63.0,73.8,0.2,5.0,0.25,
25%,100.8,104.85,0.2,5.0,0.3,
50%,124.2,126.9,0.2,5.0,0.4,
75%,163.79999999999998,159.75,0.2,6.0,0.5,
max,403.2,399.59999999999997,0.2,6.0,0.6,
