,CGM (mg / dl),CBG (mg / dl),Blood Ketone (mmol / L),Insulin dose - s.c.,"CSII - bolus insulin (Novolin R, IU)","CSII - basal insulin (Novolin R, IU / H)",Insulin dose - i.v.
count,462.0,35.0,0.0,0.0,15.0,30.0,0.0
mean,153.3077922077922,158.09142857142857,,,0.0,0.30666666666666664,
std,44.9792613563737,45.41627961184748,,,0.0,0.11121068335350709,
min,84.60000000000001,106.2,,,0.0,0.2,
25%,127.8,127.8,,,0.0,0.2,
50%,138.6,140.4,,,0.0,0.3,
75%,165.14999999999998,170.1,,,0.0,0.3,
max,381.59999999999997,307.8,,,0.0,0.6,
