,CGM (mg / dl),CBG (mg / dl),Blood Ketone (mmol / L),Insulin dose - s.c.,"CSII - bolus insulin (Novolin R, IU)","CSII - basal insulin (Novolin R, IU / H)",Insulin dose - i.v.
count,288.0,22.0,0.0,0.0,8.0,19.0,0.0
mean,130.85000000000002,162.8181818181818,,,3.25,0.23157894736842108,
std,43.13450319470085,58.59777044648286,,,0.4629100498862757,0.06914261894364404,
min,57.6,93.60000000000001,,,3.0,0.1,
25%,102.15,115.65,,,3.0,0.175,
50%,118.8,149.4,,,3.0,0.25,
75%,149.85000000000002,193.95,,,3.25,0.3,
max,252.0,291.59999999999997,,,4.0,0.3,
