,CGM (mg / dl),CBG (mg / dl),Blood Ketone (mmol / L),"CSII - bolus insulin (Novolin R, IU)","CSII - basal insulin (Novolin R, IU / H)",Insulin dose - i.v.
count,350.0,23.0,0.0,8.0,22.0,0.0
mean,144.70971428571428,175.69565217391303,,4.75,0.41818181818181815,
std,47.287588919511556,56.3247037538985,,1.0350983390135313,0.0906923823984585,
min,77.39999999999999,117.0,,4.0,0.3,
25%,111.60000000000001,132.3,,4.0,0.3,
50%,128.7,158.4,,4.0,0.45,
75%,169.20000000000002,198.0,,6.0,0.5,
max,329.40000000000003,320.40000000000003,,6.0,0.5,
