,CGM (mg / dl),CBG (mg / dl),Blood Ketone (mmol / L),"CSII - bolus insulin (Novolin R, IU)","CSII - basal insulin (Novolin R, IU / H)",Insulin dose - i.v.
count,1339.0,73.0,0.0,0.0,0.0,0.0
mean,117.29171023151603,112.53698630136988,,,,
std,19.918509955609,16.175285562044916,,,,
min,75.60000000000001,77.39999999999999,,,,
25%,102.60000000000001,102.60000000000001,,,,
50%,115.2,109.8,,,,
75%,129.6,122.39999999999999,,,,
max,203.4,147.6,,,,
