,CGM (mg / dl),CBG (mg / dl),Blood Ketone (mmol / L),"CSII - bolus insulin (Novolin R, IU)","CSII - basal insulin (Novolin R, IU / H)",Insulin dose - i.v.
count,1333.0,92.0,0.0,0.0,0.0,0.0
mean,120.29752438109526,118.42826086956521,,,,
std,22.895728548325433,23.516925520849384,,,,
min,68.39999999999999,73.8,,,,
25%,104.39999999999999,103.94999999999999,,,,
50%,117.0,115.2,,,,
75%,133.20000000000002,133.65,,,,
max,196.20000000000002,183.6,,,,
