,CGM (mg / dl),CBG (mg / dl),Blood Ketone (mmol / L),"CSII - bolus insulin (Novolin R, IU)","CSII - basal insulin (Novolin R, IU / H)",Insulin dose - i.v.
count,1318.0,34.0,0.0,0.0,0.0,0.0
mean,171.61593323216994,159.82941176470587,,,,
std,41.85281751135366,42.58373945897847,,,,
min,90.0,93.60000000000001,,,,
25%,140.4,128.7,,,,
50%,160.20000000000002,142.20000000000002,,,,
75%,199.79999999999998,197.1,,,,
max,311.40000000000003,253.79999999999998,,,,
