,CGM (mg / dl),CBG (mg / dl),Blood Ketone (mmol / L),"CSII - bolus insulin (Novolin R, IU)","CSII - basal insulin (Novolin R, IU / H)",Insulin dose - i.v.
count,1339.0,94.0,0.0,0.0,0.0,0.0
mean,187.68125466766244,182.96808510638297,,,,
std,43.609279942224916,49.47823506028537,,,,
min,91.8,93.60000000000001,,,,
25%,156.6,144.45,,,,
50%,178.20000000000002,170.10000000000002,,,,
75%,216.0,216.0,,,,
max,334.8,340.2,,,,
