,CGM (mg / dl),CBG (mg / dl),Blood Ketone (mmol / L),"CSII - bolus insulin (Novolin R, IU)","CSII - basal insulin (Novolin R, IU / H)",Insulin dose - i.v.
count,751.0,53.0,2.0,22.0,40.0,0.0
mean,145.1121171770972,169.50566037735848,0.15000000000000002,6.545454545454546,0.395,
std,59.334193399014,63.07090763910807,0.07071067811865477,3.8387407747763764,0.22865268702127964,
min,50.4,61.2,0.1,2.0,0.1,
25%,101.69999999999999,129.6,0.125,4.0,0.1,
50%,131.4,165.6,0.15000000000000002,6.0,0.4,
75%,178.2,208.8,0.17500000000000002,7.5,0.6,
max,338.4,354.59999999999997,0.2,15.0,0.7,
