,CGM (mg / dl),CBG (mg / dl),Blood Ketone (mmol / L),"CSII - bolus insulin (Novolin R, IU)"
count,1135.0,96.0,7.0,15.0
mean,188.3672246696035,205.96875,0.4571428571428572,5.933333333333334
std,69.205836558193,69.97238148764578,0.49280538030458115,1.2798809468443688
min,48.6,48.6,0.0,4.0
25%,133.2,151.65,0.1,5.0
50%,187.2,213.3,0.1,6.0
75%,235.8,257.40000000000003,0.8500000000000001,6.5
max,468.0,363.59999999999997,1.2,8.0
