,CGM (mg / dl),CBG (mg / dl),Blood Ketone (mmol / L),Insulin dose - s.c.,"CSII - bolus insulin (Novolin R, IU)","CSII - basal insulin (Novolin R, IU / H)",Insulin dose - i.v.
count,541.0,39.0,0.0,0.0,20.0,34.0,0.0
mean,168.00221811460258,200.8153846153846,,,5.35,0.6161764705882353,
std,45.19653373586874,53.98862228314768,,,1.9808291724745766,0.14180684058130139,
min,66.6,120.60000000000001,,,2.0,0.4,
25%,136.8,158.4,,,3.75,0.525,
50%,158.4,192.6,,,6.0,0.6,
75%,198.0,227.70000000000002,,,7.0,0.7,
max,302.4,309.59999999999997,,,8.0,0.9,
