,CGM (mg / dl),CBG (mg / dl),Blood Ketone (mmol / L),"CSII - bolus insulin (Novolin R, IU)","CSII - basal insulin (Novolin R, IU / H)",Insulin dose - i.v.
count,729.0,9.0,0.0,20.0,42.0,0.0
mean,110.17037037037036,148.8,,6.4,0.5547619047619047,
std,31.9552674981625,57.803546603993084,,1.1424811411549587,0.12533346924647287,
min,55.8,95.39999999999999,,5.0,0.4,
25%,88.2,100.8,,6.0,0.4,
50%,102.6,122.39999999999999,,6.0,0.6,
75%,124.2,190.79999999999998,,8.0,0.7,
max,234.0,257.40000000000003,,8.0,0.7,
