,CGM (mg / dl),CBG (mg / dl),Blood Ketone (mmol / L),"CSII - bolus insulin (Novolin R, IU)","CSII - basal insulin (Novolin R, IU / H)",Insulin dose - i.v.
count,761.0,52.0,2.0,19.0,37.0,0.0
mean,180.29802890932982,230.74615384615385,12.719999999999999,8.736842105263158,0.5918918918918918,
std,55.39279364876761,55.40184912868729,0.254558441227158,2.513123449750173,0.09538919802105002,
min,93.6,131.4,12.54,6.0,0.4,
25%,136.8,186.3,12.629999999999999,6.0,0.5,
50%,176.4,230.4,12.719999999999999,8.0,0.6,
75%,217.8,273.59999999999997,12.81,11.0,0.7,
max,358.2,343.8,12.9,12.0,0.7,
