,CGM (mg / dl),CBG (mg / dl),Blood Ketone (mmol / L),Insulin dose - s.c.,"CSII - bolus insulin (Novolin R, IU)","CSII - basal insulin (Novolin R, IU / H)"
count,1133.0,79.0,2.0,0.0,38.0,71.0
mean,151.20158870255958,191.39240506329114,0.15000000000000002,,5.105263157894737,0.6126760563380281
std,32.76215439687504,47.95964588990522,0.07071067811865477,,1.5208367839682337,0.11793409474882723
min,81.0,122.39999999999999,0.1,,2.0,0.4
25%,131.4,162.0,0.125,,4.0,0.5
50%,147.6,185.4,0.15000000000000002,,5.0,0.6
75%,167.4,211.5,0.17500000000000002,,7.0,0.7
max,300.6,379.8,0.2,,7.0,0.9
