,CGM (mg / dl),CBG (mg / dl),Blood Ketone (mmol / L),"CSII - bolus insulin (Novolin R, IU)","CSII - basal insulin (Novolin R, IU / H)",Insulin dose - i.v.
count,823.0,57.0,0.0,18.0,36.0,0.0
mean,125.30449574726609,160.32631578947365,,5.388888888888889,0.5249999999999999,
std,32.369153660814824,38.798336333606365,,1.1447521637192344,0.19030051422496394,
min,66.6,82.8,,4.0,0.2,
25%,99.0,133.20000000000002,,5.0,0.375,
50%,120.6,160.20000000000002,,5.0,0.6,
75%,149.4,185.4,,6.75,0.7,
max,264.6,259.2,,7.0,0.8,
