,CGM (mg / dl),CBG (mg / dl),Blood Ketone (mmol / L),"CSII - bolus insulin (Novolin R, IU)","CSII - basal insulin (Novolin R, IU / H)",Insulin dose - i.v.
count,832.0,21.0,0.0,23.0,47.0,0.0
mean,114.77596153846154,161.82857142857142,,5.521739130434782,0.5808510638297871,
std,37.034267138907545,44.78675186768007,,1.8797863809339252,0.10761909050046836,
min,50.4,97.2,,4.0,0.4,
25%,91.8,127.8,,4.0,0.5,
50%,109.8,153.0,,4.0,0.6,
75%,133.2,190.79999999999998,,8.0,0.7,
max,275.4,257.40000000000003,,8.0,0.7,
