,CGM (mg / dl),CBG (mg / dl),Blood Ketone (mmol / L),"CSII - bolus insulin (Novolin R, IU)","CSII - basal insulin (Novolin R, IU / H)"
count,946.0,62.0,0.0,14.0,37.0
mean,141.85179704016912,171.49354838709675,,5.071428571428571,0.3810810810810811
std,50.043418840582845,57.64992960901037,,1.5915297775935684,0.1647183418206125
min,57.6,79.2,,4.0,0.0
25%,102.6,128.25,,4.0,0.3
50%,133.2,157.5,,4.0,0.5
75%,170.55,204.3,,6.0,0.5
max,324.0,347.4,,8.0,0.5
