,CGM (mg / dl),CBG (mg / dl),Blood Ketone (mmol / L),"CSII - bolus insulin (Novolin R, IU)","CSII - basal insulin (Novolin R, IU / H)",Insulin dose - i.v.
count,922.0,66.0,0.0,18.0,37.0,0.0
mean,179.46117136659439,207.05454545454546,,5.111111111111111,0.5378378378378378,
std,49.714063510022214,56.64181163394075,,1.9670488163112867,0.11143346632595351,
min,52.2,102.60000000000001,,3.0,0.4,
25%,140.4,159.3,,4.0,0.4,
50%,175.5,205.2,,4.5,0.6,
75%,211.95,238.95,,6.75,0.6,
max,322.2,365.40000000000003,,9.0,0.7,
