,CGM (mg / dl),CBG (mg / dl),Blood Ketone (mmol / L),"CSII - bolus insulin (Novolin R, IU)","CSII - basal insulin (Novolin R, IU / H)",Insulin dose - i.v.
count,281.0,23.0,0.0,7.0,11.0,0.0
mean,156.90747330960855,180.31304347826085,,4.714285714285714,0.4272727272727273,
std,46.8195042654711,56.90974756216138,,1.7043362064926932,0.10090499582190263,
min,79.2,106.2,,3.0,0.3,
25%,120.6,137.70000000000002,,4.0,0.3,
50%,147.6,167.4,,4.0,0.5,
75%,189.0,211.5,,5.0,0.5,
max,297.0,298.8,,8.0,0.5,
