,CGM (mg / dl),CBG (mg / dl),Blood Ketone (mmol / L),"CSII - bolus insulin (Novolin R, IU)","CSII - basal insulin (Novolin R, IU / H)",Insulin dose - i.v.
count,726.0,38.0,0.0,18.0,36.0,0.0
mean,165.65454545454546,182.70000000000002,,7.166666666666667,0.725,
std,53.88887877078548,58.830066775049275,,2.2029392130675296,0.18263937926181983,
min,77.4,97.2,,3.0,0.4,
25%,124.2,134.10000000000002,,7.0,0.6,
50%,153.0,168.3,,7.0,0.8,
75%,199.8,216.0,,8.0,0.9,
max,340.2,320.40000000000003,,11.0,0.9,
