,CGM (mg / dl),CBG (mg / dl),Blood Ketone (mmol / L),Insulin dose - s.c.,"CSII - bolus insulin (Novolin R, IU)","CSII - basal insulin (Novolin R, IU / H)",Insulin dose - i.v.
count,387.0,23.0,0.0,0.0,13.0,25.0,0.0
mean,151.8232558139535,165.20869565217393,,,5.076923076923077,0.436,
std,37.386667108143165,43.26117210452934,,,1.9348358440936906,0.10360180178613371,
min,84.6,109.8,,,2.0,0.3,
25%,122.4,137.7,,,4.0,0.3,
50%,151.2,147.6,,,4.0,0.5,
75%,170.1,189.0,,,6.0,0.5,
max,253.8,277.2,,,8.0,0.6,
