,CGM (mg / dl),CBG (mg / dl),Blood Ketone (mmol / L),"CSII - bolus insulin (Novolin R, IU)","CSII - basal insulin (Novolin R, IU / H)",Insulin dose - i.v.
count,247.0,17.0,0.0,1.0,5.0,0.0
mean,119.24453441295546,148.23529411764707,,12.0,0.5599999999999999,
std,25.950311347463934,33.75264695502544,,,0.11401754250991378,
min,57.6,100.8,,12.0,0.4,
25%,102.6,127.8,,12.0,0.5,
50%,120.6,138.6,,12.0,0.6,
75%,133.2,176.4,,12.0,0.6,
max,183.6,210.6,,12.0,0.7,
