,CGM (mg / dl),CBG (mg / dl),Blood Ketone (mmol / L),"CSII - bolus insulin (Novolin R, IU)","CSII - basal insulin (Novolin R, IU / H)",Insulin dose - i.v.
count,531.0,38.0,0.0,13.0,30.0,0.0
mean,215.84745762711864,232.3421052631579,,6.461538461538462,0.7766666666666667,
std,39.73001536474205,40.04502622271347,,1.6641005886756872,0.14064710873459968,
min,131.4,171.0,,5.0,0.5,
25%,189.0,205.20000000000002,,5.0,0.8,
50%,219.6,224.10000000000002,,6.0,0.8,
75%,241.2,251.55,,8.0,0.9,
max,343.8,334.8,,9.0,0.9,
