,CGM (mg / dl),CBG (mg / dl),Blood Ketone (mmol / L),Insulin dose - s.c.,Non-insulin hypoglycemic agents,"CSII - bolus insulin (Novolin R, IU)","CSII - basal insulin (Novolin R, IU / H)",Insulin dose - i.v.
count,546.0,38.0,0.0,0.0,0.0,16.0,35.0,0.0
mean,139.1043956043956,143.19473684210524,,,,3.875,0.4828571428571428,
std,39.4687327054867,43.50238233531349,,,,2.6044833140823407,0.1271537149551312,
min,79.2,79.2,,,,0.0,0.3,
25%,111.6,112.95,,,,3.0,0.4,
50%,127.8,133.2,,,,4.0,0.5,
75%,163.35000000000002,164.25,,,,5.5,0.6,
max,331.2,266.40000000000003,,,,7.0,0.6,
