,CGM (mg / dl),CBG (mg / dl),Blood Ketone (mmol / L),"CSII - bolus insulin (Novolin R, IU)","CSII - basal insulin (Novolin R, IU / H)",Insulin dose - i.v.
count,633.0,42.0,0.0,19.0,30.0,0.0
mean,165.1251184834123,195.7714285714286,,5.684210526315789,0.6566666666666666,
std,43.460229357252494,52.13078434052369,,2.4049169904581222,0.13817363722139078,
min,77.4,97.2,,2.0,0.4,
25%,133.2,167.4,,4.5,0.6,
50%,158.4,189.0,,6.0,0.7,
75%,192.6,236.25,,6.0,0.775,
max,304.2,309.59999999999997,,10.0,0.8,
