,CGM (mg / dl),CBG (mg / dl),Blood Ketone (mmol / L),"CSII - bolus insulin (Novolin R, IU)","CSII - basal insulin (Novolin R, IU / H)",Insulin dose - i.v.
count,1024.0,75.0,0.0,12.0,23.0,0.0
mean,118.98984375,144.6,,5.166666666666667,0.41304347826086957,
std,37.834655641646755,48.434251896325975,,1.80067327475704,0.09197009309398035,
min,39.6,46.800000000000004,,4.0,0.3,
25%,91.8,118.8,,4.0,0.3,
50%,111.6,129.6,,4.0,0.4,
75%,138.6,169.20000000000002,,6.5,0.5,
max,266.4,273.59999999999997,,8.0,0.5,
