,CGM (mg / dl),CBG (mg / dl),Blood Ketone (mmol / L),"CSII - bolus insulin (Novolin R, IU)","CSII - basal insulin (Novolin R, IU / H)"
count,392.0,30.0,0.0,13.0,20.0
mean,197.384693877551,230.16,,4.384615384615385,0.53
std,50.97725454784683,58.74415363427153,,1.445594545418455,0.1341640786499874
min,102.6,145.79999999999998,,2.0,0.3
25%,158.4,190.79999999999998,,4.0,0.475
50%,185.4,221.4,,4.0,0.55
75%,235.8,270.0,,4.0,0.6
max,324.0,390.59999999999997,,7.0,0.7
