,CGM (mg / dl),CBG (mg / dl),Blood Ketone (mmol / L),Insulin dose - s.c.,Non-insulin hypoglycemic agents,"CSII - bolus insulin (Novolin R, IU)","CSII - basal insulin (Novolin R, IU / H)",Insulin dose - i.v.
count,400.0,30.0,1.0,0.0,0.0,14.0,25.0,0.0
mean,151.28099999999998,159.72,0.1,,,5.642857142857143,0.6960000000000001,
std,55.398227842777644,63.30681937445874,,,,2.097879620259204,0.1790716802475106,
min,77.4,86.39999999999999,0.1,,,3.0,0.3,
25%,106.2,115.19999999999999,0.1,,,4.25,0.6,
50%,139.5,140.4,0.1,,,5.0,0.8,
75%,178.2,184.95,0.1,,,7.5,0.8,
max,378.0,374.4,0.1,,,10.0,0.9,
