,CGM (mg / dl),CBG (mg / dl),Blood Ketone (mmol / L),"CSII - bolus insulin (Novolin R, IU)","CSII - basal insulin (Novolin R, IU / H)",Insulin dose - i.v.
count,825.0,53.0,0.0,17.0,36.0,0.0
mean,137.44145454545455,151.47169811320754,,8.117647058823529,0.49166666666666664,
std,43.22889942451167,48.11086706507445,,3.8059550861310827,0.19179602260139358,
min,64.8,86.39999999999999,,4.0,0.1,
25%,104.4,115.2,,4.0,0.4,
50%,129.6,138.6,,8.0,0.55,
75%,163.8,183.6,,12.0,0.6,
max,277.2,284.40000000000003,,13.0,0.7,
