,CGM (mg / dl),CBG (mg / dl),Blood Ketone (mmol / L),"CSII - bolus insulin (Novolin R, IU)",Insulin dose - i.v.
count,641.0,49.0,0.0,18.0,0.0
mean,150.4783151326053,230.76734693877552,,5.277777777777778,
std,70.47257033525018,277.35360506922916,,1.3636264606493256,
min,61.2,66.60000000000001,,4.0,
25%,95.4,142.20000000000002,,4.25,
50%,127.8,167.4,,5.0,
75%,187.2,232.20000000000002,,5.0,
max,399.6,2044.8,,8.0,
