,CGM (mg / dl),CBG (mg / dl),Blood Ketone (mmol / L),Insulin dose - s.c.,"CSII - bolus insulin (Novolin R, IU)","CSII - basal insulin (Novolin R, IU / H)",Insulin dose - i.v.
count,1045.0,25.0,0.0,0.0,0.0,0.0,0.0
mean,140.0262200956938,136.44,,,,,
std,25.166106440620315,16.18332475111341,,,,,
min,95.4,111.60000000000001,,,,,
25%,120.6,124.2,,,,,
50%,135.0,133.20000000000002,,,,,
75%,154.8,151.20000000000002,,,,,
max,230.4,163.79999999999998,,,,,
