,CGM (mg / dl),CBG (mg / dl),Blood Ketone (mmol / L),Insulin dose - s.c.,"CSII - bolus insulin (Novolin R, IU)","CSII - basal insulin (Novolin R, IU / H)",Insulin dose - i.v.
count,1244.0,1.0,0.0,0.0,0.0,0.0,0.0
mean,178.0249196141479,145.79999999999998,,,,,
std,43.472748119208774,,,,,,
min,82.8,145.79999999999998,,,,,
25%,145.8,145.79999999999998,,,,,
50%,172.8,145.79999999999998,,,,,
75%,207.0,145.79999999999998,,,,,
max,320.4,145.79999999999998,,,,,
