,CGM (mg / dl),CBG (mg / dl),Blood Ketone (mmol / L),Insulin dose - s.c.,"CSII - bolus insulin (Novolin R, IU)","CSII - basal insulin (Novolin R, IU / H)",Insulin dose - i.v.
count,1023.0,33.0,0.0,0.0,0.0,0.0,0.0
mean,68.79765395894428,124.6909090909091,,,,,
std,31.693474335106373,41.29537174154905,,,,,
min,39.6,75.60000000000001,,,,,
25%,45.0,95.39999999999999,,,,,
50%,55.8,106.2,,,,,
75%,85.5,163.79999999999998,,,,,
max,187.2,223.20000000000002,,,,,
