,CGM (mg / dl),CBG (mg / dl),Blood Ketone (mmol / L),Insulin dose - s.c.,"CSII - bolus insulin (Novolin R, IU)","CSII - basal insulin (Novolin R, IU / H)",Insulin dose - i.v.
count,1221.0,5.0,0.0,0.0,0.0,0.0,0.0
mean,141.2948402948403,123.12,,,,,
std,34.39911476050569,28.16295439047544,,,,,
min,66.6,86.39999999999999,,,,,
25%,117.0,113.39999999999999,,,,,
50%,135.0,120.60000000000001,,,,,
75%,156.6,131.4,,,,,
max,273.6,163.79999999999998,,,,,
