,CGM (mg / dl),CBG (mg / dl),Blood Ketone (mmol / L),Insulin dose - s.c.,"CSII - bolus insulin (Novolin R, IU)","CSII - basal insulin (Novolin R, IU / H)",Insulin dose - i.v.
count,1047.0,80.0,0.0,0.0,0.0,0.0,0.0
mean,139.45616045845273,134.05499999999998,,,,,
std,36.56072004560882,25.642014079942108,,,,,
min,70.2,79.2,,,,,
25%,115.2,112.94999999999999,,,,,
50%,131.4,134.10000000000002,,,,,
75%,154.8,151.20000000000002,,,,,
max,322.2,198.0,,,,,
