,CGM (mg / dl),CBG (mg / dl),Blood Ketone (mmol / L),"CSII - bolus insulin (Novolin R, IU)","CSII - basal insulin (Novolin R, IU / H)",Insulin dose - i.v.
count,1338.0,13.0,0.0,0.0,0.0,0.0
mean,156.22735426008967,169.6153846153846,,,,
std,61.40038224669648,53.89065853116917,,,,
min,43.2,70.2,,,,
25%,111.6,142.20000000000002,,,,
50%,151.2,172.79999999999998,,,,
75%,192.15,187.20000000000002,,,,
max,394.2,291.59999999999997,,,,
